Workbook

Sheet Start here
A1: Bill tracker
A3: How to use it
A4: 1. On the Bills tab, list every bill: amount, the day it is due, and whether it is on autopay.
A5: 2. The sheet shows the next due date for each bill and how many days are left. Bills due within 3 days turn red.
A6: 3. On the Checklist tab, type x under the month when you have paid a bill.
A7: 4. The bottom row of the checklist shows how much you have paid each month.
A9: Yellow cells are for you to type in. White cells calculate automatically, so leave them alone.
A10: The example numbers only show the format. Replace them with your own.
A12: Step-by-step guide: https://guidelark.com/blog/bill-tracker-template/
A13: Free to use and share. General information, not financial advice.

Sheet Bills
A1: Bills
A2: Next due date and days left are counted from today.
A4: Bill | B4: Amount | C4: Due day of month | D4: Autopay? | E4: Paid from | F4: Next due date | G4: Days left
A5: Rent | B5: 450 | C5: 1 | D5: No | E5: Bank transfer | F5: =IF(N(C5)=0,"",IF(DAY(TODAY())<=C5,DATE(YEAR(TODAY()),MONTH(TODAY()),C5),DATE(YEAR(TODAY()),MONTH(TODAY())+1,C5))) -> 46327 | G5: =IF(F5="","",F5-TODAY()) -> 19
A6: Electricity | B6: 45 | C6: 10 | D6: Yes | E6: Debit card | F6: =IF(N(C6)=0,"",IF(DAY(TODAY())<=C6,DATE(YEAR(TODAY()),MONTH(TODAY()),C6),DATE(YEAR(TODAY()),MONTH(TODAY())+1,C6))) -> 46336 | G6: =IF(F6="","",F6-TODAY()) -> 28
A7: Phone | B7: 35 | C7: 14 | D7: Yes | E7: Debit card | F7: =IF(N(C7)=0,"",IF(DAY(TODAY())<=C7,DATE(YEAR(TODAY()),MONTH(TODAY()),C7),DATE(YEAR(TODAY()),MONTH(TODAY())+1,C7))) -> 46309 | G7: =IF(F7="","",F7-TODAY()) -> 1
A8: Internet | B8: 40 | C8: 18 | D8: Yes | E8: Debit card | F8: =IF(N(C8)=0,"",IF(DAY(TODAY())<=C8,DATE(YEAR(TODAY()),MONTH(TODAY()),C8),DATE(YEAR(TODAY()),MONTH(TODAY())+1,C8))) -> 46313 | G8: =IF(F8="","",F8-TODAY()) -> 5
A9: Streaming | B9: 12 | C9: 22 | D9: Yes | E9: Credit card | F9: =IF(N(C9)=0,"",IF(DAY(TODAY())<=C9,DATE(YEAR(TODAY()),MONTH(TODAY()),C9),DATE(YEAR(TODAY()),MONTH(TODAY())+1,C9))) -> 46317 | G9: =IF(F9="","",F9-TODAY()) -> 9
A10: Student loan | B10: 60 | C10: 26 | D10: No | E10: Bank transfer | F10: =IF(N(C10)=0,"",IF(DAY(TODAY())<=C10,DATE(YEAR(TODAY()),MONTH(TODAY()),C10),DATE(YEAR(TODAY()),MONTH(TODAY())+1,C10))) -> 46321 | G10: =IF(F10="","",F10-TODAY()) -> 13
F11: =IF(N(C11)=0,"",IF(DAY(TODAY())<=C11,DATE(YEAR(TODAY()),MONTH(TODAY()),C11),DATE(YEAR(TODAY()),MONTH(TODAY())+1,C11))) | G11: =IF(F11="","",F11-TODAY())
F12: =IF(N(C12)=0,"",IF(DAY(TODAY())<=C12,DATE(YEAR(TODAY()),MONTH(TODAY()),C12),DATE(YEAR(TODAY()),MONTH(TODAY())+1,C12))) | G12: =IF(F12="","",F12-TODAY())
F13: =IF(N(C13)=0,"",IF(DAY(TODAY())<=C13,DATE(YEAR(TODAY()),MONTH(TODAY()),C13),DATE(YEAR(TODAY()),MONTH(TODAY())+1,C13))) | G13: =IF(F13="","",F13-TODAY())
F14: =IF(N(C14)=0,"",IF(DAY(TODAY())<=C14,DATE(YEAR(TODAY()),MONTH(TODAY()),C14),DATE(YEAR(TODAY()),MONTH(TODAY())+1,C14))) | G14: =IF(F14="","",F14-TODAY())
F15: =IF(N(C15)=0,"",IF(DAY(TODAY())<=C15,DATE(YEAR(TODAY()),MONTH(TODAY()),C15),DATE(YEAR(TODAY()),MONTH(TODAY())+1,C15))) | G15: =IF(F15="","",F15-TODAY())
F16: =IF(N(C16)=0,"",IF(DAY(TODAY())<=C16,DATE(YEAR(TODAY()),MONTH(TODAY()),C16),DATE(YEAR(TODAY()),MONTH(TODAY())+1,C16))) | G16: =IF(F16="","",F16-TODAY())
F17: =IF(N(C17)=0,"",IF(DAY(TODAY())<=C17,DATE(YEAR(TODAY()),MONTH(TODAY()),C17),DATE(YEAR(TODAY()),MONTH(TODAY())+1,C17))) | G17: =IF(F17="","",F17-TODAY())
F18: =IF(N(C18)=0,"",IF(DAY(TODAY())<=C18,DATE(YEAR(TODAY()),MONTH(TODAY()),C18),DATE(YEAR(TODAY()),MONTH(TODAY())+1,C18))) | G18: =IF(F18="","",F18-TODAY())
F19: =IF(N(C19)=0,"",IF(DAY(TODAY())<=C19,DATE(YEAR(TODAY()),MONTH(TODAY()),C19),DATE(YEAR(TODAY()),MONTH(TODAY())+1,C19))) | G19: =IF(F19="","",F19-TODAY())
A21: Bills per month | B21: =SUM(B5:B19) -> 642
A22: On autopay | B22: =SUMIF(D5:D19,"Yes",B5:B19) -> 132
A23: Paid by hand | B23: =B21-B22 -> 510 | C23: These are the ones to watch.

Sheet Checklist
A1: Paid checklist
A2: Type x when a bill is paid.
A4: Bill | B4: Amount | C4: Jan | D4: Feb | E4: Mar | F4: Apr | G4: May | H4: Jun | I4: Jul | J4: Aug | K4: Sep | L4: Oct | M4: Nov | N4: Dec
A5: =IF(Bills!A5="","",Bills!A5) -> Rent | B5: =N(Bills!B5) -> 450 | K5: x | L5: x
A6: =IF(Bills!A6="","",Bills!A6) -> Electricity | B6: =N(Bills!B6) -> 45 | K6: x | L6: x
A7: =IF(Bills!A7="","",Bills!A7) -> Phone | B7: =N(Bills!B7) -> 35 | K7: x
A8: =IF(Bills!A8="","",Bills!A8) -> Internet | B8: =N(Bills!B8) -> 40 | K8: x
A9: =IF(Bills!A9="","",Bills!A9) -> Streaming | B9: =N(Bills!B9) -> 12 | K9: x
A10: =IF(Bills!A10="","",Bills!A10) -> Student loan | B10: =N(Bills!B10) -> 60 | K10: x
A11: =IF(Bills!A11="","",Bills!A11) | B11: =N(Bills!B11) -> 0
A12: =IF(Bills!A12="","",Bills!A12) | B12: =N(Bills!B12) -> 0
A13: =IF(Bills!A13="","",Bills!A13) | B13: =N(Bills!B13) -> 0
A14: =IF(Bills!A14="","",Bills!A14) | B14: =N(Bills!B14) -> 0
A15: =IF(Bills!A15="","",Bills!A15) | B15: =N(Bills!B15) -> 0
A16: =IF(Bills!A16="","",Bills!A16) | B16: =N(Bills!B16) -> 0
A17: =IF(Bills!A17="","",Bills!A17) | B17: =N(Bills!B17) -> 0
A18: =IF(Bills!A18="","",Bills!A18) | B18: =N(Bills!B18) -> 0
A19: =IF(Bills!A19="","",Bills!A19) | B19: =N(Bills!B19) -> 0
A21: Paid this month | C21: =SUMPRODUCT((LOWER(C5:C19)="x")*$B$5:$B$19) -> 0 | D21: =SUMPRODUCT((LOWER(D5:D19)="x")*$B$5:$B$19) -> 0 | E21: =SUMPRODUCT((LOWER(E5:E19)="x")*$B$5:$B$19) -> 0 | F21: =SUMPRODUCT((LOWER(F5:F19)="x")*$B$5:$B$19) -> 0 | G21: =SUMPRODUCT((LOWER(G5:G19)="x")*$B$5:$B$19) -> 0 | H21: =SUMPRODUCT((LOWER(H5:H19)="x")*$B$5:$B$19) -> 0 | I21: =SUMPRODUCT((LOWER(I5:I19)="x")*$B$5:$B$19) -> 0 | J21: =SUMPRODUCT((LOWER(J5:J19)="x")*$B$5:$B$19) -> 0 | ... N21: =SUMPRODUCT((LOWER(N5:N19)="x")*$B$5:$B$19) -> 0
