Workbook

Sheet Start here
A1: Biweekly paycheck budget
A3: How to use it
A4: 1. On the Setup tab, type your take-home pay per paycheck and your first payday.
A5: 2. List your bills with the day of the month each one is due (use 1 to 28).
A6: 3. The Paychecks tab shows, for each of the next 26 paydays, which bills it has to cover and what is left.
A7: 4. A negative "Left after bills" means that paycheck is too tight: move a bill's due date or set money aside from the paycheck before.
A8: 5. Two months a year have three paydays. They are marked so you can plan what the extra paycheck does.
A10: Yellow cells are for you to type in. White cells calculate automatically, so leave them alone.
A11: The example numbers only show the format. Replace them with your own.
A13: Step-by-step guide: https://guidelark.com/blog/biweekly-budget-template/
A14: Free to use and share. General information, not financial advice.

Sheet Setup
A1: Setup
A3: Take-home pay per paycheck | B3: 850
A4: First payday | B4: 46297 | C4: Any recent or upcoming payday.
A6: Bill | B6: Amount | C6: Due day of month
A7: Rent | B7: 750 | C7: 1
A8: Utilities | B8: 70 | C8: 8
A9: Phone | B9: 40 | C9: 12
A10: Internet | B10: 45 | C10: 18
A11: Car insurance | B11: 95 | C11: 20
A12: Student loan | B12: 60 | C12: 25
A22: Monthly bills | B22: =SUM(B7:B21) -> 1060

Sheet Paychecks
A1: Your next 26 paychecks
A4: # | B4: Payday | C4: Next payday | D4: Bills due before next payday | E4: Left after bills | F4: Note
A5: 1 | B5: =Setup!$B$4+14*(A5-1) -> 46297 | C5: =B5+14 -> 46311 | D5: =SUMPRODUCT(Setup!$B$7:$B$21*(Setup!$C$7:$C$21>0)*(((DATE(YEAR(B5),MONTH(B5),Setup!$C$7:$C$21)>=B5)*(DATE(YEAR(B5),MONTH(B5),Setup!$C$7:$C$21)<C5))+((DATE(YEAR(B5),MONTH(B5)+1,Setup!$C$7:$C$21)>=B5)*(DATE(YEAR(B5),MONTH(B5)+1,Setup!$C$7:$C$21)<C5)))) -> 110 | E5: =Setup!$B$3-D5 -> 740 | F5: =IF(COUNTIFS($B$5:$B$30,">="&DATE(YEAR(B5),MONTH(B5),1),$B$5:$B$30,"<"&EDATE(DATE(YEAR(B5),MONTH(B5),1),1))=3,"3 paydays this month","") -> 3 paydays this month
A6: 2 | B6: =Setup!$B$4+14*(A6-1) -> 46311 | C6: =B6+14 -> 46325 | D6: =SUMPRODUCT(Setup!$B$7:$B$21*(Setup!$C$7:$C$21>0)*(((DATE(YEAR(B6),MONTH(B6),Setup!$C$7:$C$21)>=B6)*(DATE(YEAR(B6),MONTH(B6),Setup!$C$7:$C$21)<C6))+((DATE(YEAR(B6),MONTH(B6)+1,Setup!$C$7:$C$21)>=B6)*(DATE(YEAR(B6),MONTH(B6)+1,Setup!$C$7:$C$21)<C6)))) -> 200 | E6: =Setup!$B$3-D6 -> 650 | F6: =IF(COUNTIFS($B$5:$B$30,">="&DATE(YEAR(B6),MONTH(B6),1),$B$5:$B$30,"<"&EDATE(DATE(YEAR(B6),MONTH(B6),1),1))=3,"3 paydays this month","") -> 3 paydays this month
A7: 3 | B7: =Setup!$B$4+14*(A7-1) -> 46325 | C7: =B7+14 -> 46339 | D7: =SUMPRODUCT(Setup!$B$7:$B$21*(Setup!$C$7:$C$21>0)*(((DATE(YEAR(B7),MONTH(B7),Setup!$C$7:$C$21)>=B7)*(DATE(YEAR(B7),MONTH(B7),Setup!$C$7:$C$21)<C7))+((DATE(YEAR(B7),MONTH(B7)+1,Setup!$C$7:$C$21)>=B7)*(DATE(YEAR(B7),MONTH(B7)+1,Setup!$C$7:$C$21)<C7)))) -> 860 | E7: =Setup!$B$3-D7 -> -10 | F7: =IF(COUNTIFS($B$5:$B$30,">="&DATE(YEAR(B7),MONTH(B7),1),$B$5:$B$30,"<"&EDATE(DATE(YEAR(B7),MONTH(B7),1),1))=3,"3 paydays this month","") -> 3 paydays this month
A8: 4 | B8: =Setup!$B$4+14*(A8-1) -> 46339 | C8: =B8+14 -> 46353 | D8: =SUMPRODUCT(Setup!$B$7:$B$21*(Setup!$C$7:$C$21>0)*(((DATE(YEAR(B8),MONTH(B8),Setup!$C$7:$C$21)>=B8)*(DATE(YEAR(B8),MONTH(B8),Setup!$C$7:$C$21)<C8))+((DATE(YEAR(B8),MONTH(B8)+1,Setup!$C$7:$C$21)>=B8)*(DATE(YEAR(B8),MONTH(B8)+1,Setup!$C$7:$C$21)<C8)))) -> 200 | E8: =Setup!$B$3-D8 -> 650 | F8: =IF(COUNTIFS($B$5:$B$30,">="&DATE(YEAR(B8),MONTH(B8),1),$B$5:$B$30,"<"&EDATE(DATE(YEAR(B8),MONTH(B8),1),1))=3,"3 paydays this month","")
A9: 5 | B9: =Setup!$B$4+14*(A9-1) -> 46353 | C9: =B9+14 -> 46367 | D9: =SUMPRODUCT(Setup!$B$7:$B$21*(Setup!$C$7:$C$21>0)*(((DATE(YEAR(B9),MONTH(B9),Setup!$C$7:$C$21)>=B9)*(DATE(YEAR(B9),MONTH(B9),Setup!$C$7:$C$21)<C9))+((DATE(YEAR(B9),MONTH(B9)+1,Setup!$C$7:$C$21)>=B9)*(DATE(YEAR(B9),MONTH(B9)+1,Setup!$C$7:$C$21)<C9)))) -> 820 | E9: =Setup!$B$3-D9 -> 30 | F9: =IF(COUNTIFS($B$5:$B$30,">="&DATE(YEAR(B9),MONTH(B9),1),$B$5:$B$30,"<"&EDATE(DATE(YEAR(B9),MONTH(B9),1),1))=3,"3 paydays this month","")
A10: 6 | B10: =Setup!$B$4+14*(A10-1) -> 46367 | C10: =B10+14 -> 46381 | D10: =SUMPRODUCT(Setup!$B$7:$B$21*(Setup!$C$7:$C$21>0)*(((DATE(YEAR(B10),MONTH(B10),Setup!$C$7:$C$21)>=B10)*(DATE(YEAR(B10),MONTH(B10),Setup!$C$7:$C$21)<C10))+((DATE(YEAR(B10),MONTH(B10)+1,Setup!$C$7:$C$21)>=B10)*(DATE(YEAR(B10),MONTH(B10)+1,Setup!$C$7:$C$21)<C10)))) -> 180 | E10: =Setup!$B$3-D10 -> 670 | F10: =IF(COUNTIFS($B$5:$B$30,">="&DATE(YEAR(B10),MONTH(B10),1),$B$5:$B$30,"<"&EDATE(DATE(YEAR(B10),MONTH(B10),1),1))=3,"3 paydays this month","")
A11: 7 | B11: =Setup!$B$4+14*(A11-1) -> 46381 | C11: =B11+14 -> 46395 | D11: =SUMPRODUCT(Setup!$B$7:$B$21*(Setup!$C$7:$C$21>0)*(((DATE(YEAR(B11),MONTH(B11),Setup!$C$7:$C$21)>=B11)*(DATE(YEAR(B11),MONTH(B11),Setup!$C$7:$C$21)<C11))+((DATE(YEAR(B11),MONTH(B11)+1,Setup!$C$7:$C$21)>=B11)*(DATE(YEAR(B11),MONTH(B11)+1,Setup!$C$7:$C$21)<C11)))) -> 810 | E11: =Setup!$B$3-D11 -> 40 | F11: =IF(COUNTIFS($B$5:$B$30,">="&DATE(YEAR(B11),MONTH(B11),1),$B$5:$B$30,"<"&EDATE(DATE(YEAR(B11),MONTH(B11),1),1))=3,"3 paydays this month","")
A12: 8 | B12: =Setup!$B$4+14*(A12-1) -> 46395 | C12: =B12+14 -> 46409 | D12: =SUMPRODUCT(Setup!$B$7:$B$21*(Setup!$C$7:$C$21>0)*(((DATE(YEAR(B12),MONTH(B12),Setup!$C$7:$C$21)>=B12)*(DATE(YEAR(B12),MONTH(B12),Setup!$C$7:$C$21)<C12))+((DATE(YEAR(B12),MONTH(B12)+1,Setup!$C$7:$C$21)>=B12)*(DATE(YEAR(B12),MONTH(B12)+1,Setup!$C$7:$C$21)<C12)))) -> 250 | E12: =Setup!$B$3-D12 -> 600 | F12: =IF(COUNTIFS($B$5:$B$30,">="&DATE(YEAR(B12),MONTH(B12),1),$B$5:$B$30,"<"&EDATE(DATE(YEAR(B12),MONTH(B12),1),1))=3,"3 paydays this month","")
A13: 9 | B13: =Setup!$B$4+14*(A13-1) -> 46409 | C13: =B13+14 -> 46423 | D13: =SUMPRODUCT(Setup!$B$7:$B$21*(Setup!$C$7:$C$21>0)*(((DATE(YEAR(B13),MONTH(B13),Setup!$C$7:$C$21)>=B13)*(DATE(YEAR(B13),MONTH(B13),Setup!$C$7:$C$21)<C13))+((DATE(YEAR(B13),MONTH(B13)+1,Setup!$C$7:$C$21)>=B13)*(DATE(YEAR(B13),MONTH(B13)+1,Setup!$C$7:$C$21)<C13)))) -> 810 | E13: =Setup!$B$3-D13 -> 40 | F13: =IF(COUNTIFS($B$5:$B$30,">="&DATE(YEAR(B13),MONTH(B13),1),$B$5:$B$30,"<"&EDATE(DATE(YEAR(B13),MONTH(B13),1),1))=3,"3 paydays this month","")
A14: 10 | B14: =Setup!$B$4+14*(A14-1) -> 46423 | C14: =B14+14 -> 46437 | D14: =SUMPRODUCT(Setup!$B$7:$B$21*(Setup!$C$7:$C$21>0)*(((DATE(YEAR(B14),MONTH(B14),Setup!$C$7:$C$21)>=B14)*(DATE(YEAR(B14),MONTH(B14),Setup!$C$7:$C$21)<C14))+((DATE(YEAR(B14),MONTH(B14)+1,Setup!$C$7:$C$21)>=B14)*(DATE(YEAR(B14),MONTH(B14)+1,Setup!$C$7:$C$21)<C14)))) -> 155 | E14: =Setup!$B$3-D14 -> 695 | F14: =IF(COUNTIFS($B$5:$B$30,">="&DATE(YEAR(B14),MONTH(B14),1),$B$5:$B$30,"<"&EDATE(DATE(YEAR(B14),MONTH(B14),1),1))=3,"3 paydays this month","")
A15: 11 | B15: =Setup!$B$4+14*(A15-1) -> 46437 | C15: =B15+14 -> 46451 | D15: =SUMPRODUCT(Setup!$B$7:$B$21*(Setup!$C$7:$C$21>0)*(((DATE(YEAR(B15),MONTH(B15),Setup!$C$7:$C$21)>=B15)*(DATE(YEAR(B15),MONTH(B15),Setup!$C$7:$C$21)<C15))+((DATE(YEAR(B15),MONTH(B15)+1,Setup!$C$7:$C$21)>=B15)*(DATE(YEAR(B15),MONTH(B15)+1,Setup!$C$7:$C$21)<C15)))) -> 905 | E15: =Setup!$B$3-D15 -> -55 | F15: =IF(COUNTIFS($B$5:$B$30,">="&DATE(YEAR(B15),MONTH(B15),1),$B$5:$B$30,"<"&EDATE(DATE(YEAR(B15),MONTH(B15),1),1))=3,"3 paydays this month","")
A16: 12 | B16: =Setup!$B$4+14*(A16-1) -> 46451 | C16: =B16+14 -> 46465 | D16: =SUMPRODUCT(Setup!$B$7:$B$21*(Setup!$C$7:$C$21>0)*(((DATE(YEAR(B16),MONTH(B16),Setup!$C$7:$C$21)>=B16)*(DATE(YEAR(B16),MONTH(B16),Setup!$C$7:$C$21)<C16))+((DATE(YEAR(B16),MONTH(B16)+1,Setup!$C$7:$C$21)>=B16)*(DATE(YEAR(B16),MONTH(B16)+1,Setup!$C$7:$C$21)<C16)))) -> 155 | E16: =Setup!$B$3-D16 -> 695 | F16: =IF(COUNTIFS($B$5:$B$30,">="&DATE(YEAR(B16),MONTH(B16),1),$B$5:$B$30,"<"&EDATE(DATE(YEAR(B16),MONTH(B16),1),1))=3,"3 paydays this month","")
... A30: 26 | B30: =Setup!$B$4+14*(A30-1) -> 46647 | C30: =B30+14 -> 46661 | D30: =SUMPRODUCT(Setup!$B$7:$B$21*(Setup!$C$7:$C$21>0)*(((DATE(YEAR(B30),MONTH(B30),Setup!$C$7:$C$21)>=B30)*(DATE(YEAR(B30),MONTH(B30),Setup!$C$7:$C$21)<C30))+((DATE(YEAR(B30),MONTH(B30)+1,Setup!$C$7:$C$21)>=B30)*(DATE(YEAR(B30),MONTH(B30)+1,Setup!$C$7:$C$21)<C30)))) -> 200 | E30: =Setup!$B$3-D30 -> 650 | F30: =IF(COUNTIFS($B$5:$B$30,">="&DATE(YEAR(B30),MONTH(B30),1),$B$5:$B$30,"<"&EDATE(DATE(YEAR(B30),MONTH(B30),1),1))=3,"3 paydays this month","")
A32: Paychecks with bills left uncovered | B32: =COUNTIF(E5:E30,"<0") -> 6
A33: Yearly take-home (26 paychecks) | B33: =Setup!B3*26 -> 22100
