Workbook

Sheet Start here
A1: Savings goal tracker
A3: How to use it
A4: 1. On the Goals tab, type each goal, how much it costs and the date you want it by.
A5: 2. Every time you save towards a goal, add a line on the Deposits tab and pick the goal.
A6: 3. The Goals tab shows what you have saved, what is left, and how much to save each month to make the date.
A7: 4. The bar fills up as you get closer. Change a date or amount any time and the plan updates.
A9: Yellow cells are for you to type in. White cells calculate automatically, so leave them alone.
A10: The example numbers only show the format. Replace them with your own.
A12: Step-by-step guide: https://guidelark.com/blog/savings-goal-tracker/
A13: Free to use and share. General information, not financial advice.

Sheet Goals
A1: Savings goals
A2: Months left and the monthly amount are counted from today.
A4: Goal | B4: Target | C4: Target date | D4: Saved so far | E4: Still needed | F4: Months left | G4: Save each month | H4: Progress | I4: Progress bar
A5: Emergency fund | B5: 500 | C5: 46568 | D5: =IF(A5="",0,SUMIFS(Deposits!$C$5:$C$2000,Deposits!$B$5:$B$2000,A5)) -> 150 | E5: =MAX(0,N(B5)-D5) -> 350 | F5: =IF(C5="","",IF(C5<=TODAY(),"Date passed",MAX(1,DATEDIF(TODAY(),C5,"m")))) -> 8 | G5: =IF(A5="","",IF(ISNUMBER(F5),E5/F5,E5)) -> 43.75 | H5: =IF(N(B5)>0,MIN(1,D5/B5),0) -> 0.3 | I5: =IF(A5="","",REPT("■",ROUND(H5*20,0))&REPT("□",20-ROUND(H5*20,0))) -> ■■■■■■□□□□□□□□□□□□□□
A6: New laptop | B6: 700 | C6: 46477 | D6: =IF(A6="",0,SUMIFS(Deposits!$C$5:$C$2000,Deposits!$B$5:$B$2000,A6)) -> 175 | E6: =MAX(0,N(B6)-D6) -> 525 | F6: =IF(C6="","",IF(C6<=TODAY(),"Date passed",MAX(1,DATEDIF(TODAY(),C6,"m")))) -> 5 | G6: =IF(A6="","",IF(ISNUMBER(F6),E6/F6,E6)) -> 105 | H6: =IF(N(B6)>0,MIN(1,D6/B6),0) -> 0.25 | I6: =IF(A6="","",REPT("■",ROUND(H6*20,0))&REPT("□",20-ROUND(H6*20,0))) -> ■■■■■□□□□□□□□□□□□□□□
A7: Trip home | B7: 400 | C7: 46376 | D7: =IF(A7="",0,SUMIFS(Deposits!$C$5:$C$2000,Deposits!$B$5:$B$2000,A7)) -> 120 | E7: =MAX(0,N(B7)-D7) -> 280 | F7: =IF(C7="","",IF(C7<=TODAY(),"Date passed",MAX(1,DATEDIF(TODAY(),C7,"m")))) -> 2 | G7: =IF(A7="","",IF(ISNUMBER(F7),E7/F7,E7)) -> 140 | H7: =IF(N(B7)>0,MIN(1,D7/B7),0) -> 0.3 | I7: =IF(A7="","",REPT("■",ROUND(H7*20,0))&REPT("□",20-ROUND(H7*20,0))) -> ■■■■■■□□□□□□□□□□□□□□
D8: =IF(A8="",0,SUMIFS(Deposits!$C$5:$C$2000,Deposits!$B$5:$B$2000,A8)) -> 0 | E8: =MAX(0,N(B8)-D8) -> 0 | F8: =IF(C8="","",IF(C8<=TODAY(),"Date passed",MAX(1,DATEDIF(TODAY(),C8,"m")))) | G8: =IF(A8="","",IF(ISNUMBER(F8),E8/F8,E8)) | H8: =IF(N(B8)>0,MIN(1,D8/B8),0) -> 0 | I8: =IF(A8="","",REPT("■",ROUND(H8*20,0))&REPT("□",20-ROUND(H8*20,0)))
D9: =IF(A9="",0,SUMIFS(Deposits!$C$5:$C$2000,Deposits!$B$5:$B$2000,A9)) -> 0 | E9: =MAX(0,N(B9)-D9) -> 0 | F9: =IF(C9="","",IF(C9<=TODAY(),"Date passed",MAX(1,DATEDIF(TODAY(),C9,"m")))) | G9: =IF(A9="","",IF(ISNUMBER(F9),E9/F9,E9)) | H9: =IF(N(B9)>0,MIN(1,D9/B9),0) -> 0 | I9: =IF(A9="","",REPT("■",ROUND(H9*20,0))&REPT("□",20-ROUND(H9*20,0)))
D10: =IF(A10="",0,SUMIFS(Deposits!$C$5:$C$2000,Deposits!$B$5:$B$2000,A10)) -> 0 | E10: =MAX(0,N(B10)-D10) -> 0 | F10: =IF(C10="","",IF(C10<=TODAY(),"Date passed",MAX(1,DATEDIF(TODAY(),C10,"m")))) | G10: =IF(A10="","",IF(ISNUMBER(F10),E10/F10,E10)) | H10: =IF(N(B10)>0,MIN(1,D10/B10),0) -> 0 | I10: =IF(A10="","",REPT("■",ROUND(H10*20,0))&REPT("□",20-ROUND(H10*20,0)))
D11: =IF(A11="",0,SUMIFS(Deposits!$C$5:$C$2000,Deposits!$B$5:$B$2000,A11)) -> 0 | E11: =MAX(0,N(B11)-D11) -> 0 | F11: =IF(C11="","",IF(C11<=TODAY(),"Date passed",MAX(1,DATEDIF(TODAY(),C11,"m")))) | G11: =IF(A11="","",IF(ISNUMBER(F11),E11/F11,E11)) | H11: =IF(N(B11)>0,MIN(1,D11/B11),0) -> 0 | I11: =IF(A11="","",REPT("■",ROUND(H11*20,0))&REPT("□",20-ROUND(H11*20,0)))
D12: =IF(A12="",0,SUMIFS(Deposits!$C$5:$C$2000,Deposits!$B$5:$B$2000,A12)) -> 0 | E12: =MAX(0,N(B12)-D12) -> 0 | F12: =IF(C12="","",IF(C12<=TODAY(),"Date passed",MAX(1,DATEDIF(TODAY(),C12,"m")))) | G12: =IF(A12="","",IF(ISNUMBER(F12),E12/F12,E12)) | H12: =IF(N(B12)>0,MIN(1,D12/B12),0) -> 0 | I12: =IF(A12="","",REPT("■",ROUND(H12*20,0))&REPT("□",20-ROUND(H12*20,0)))
A13: Total | B13: =SUM(B5:B12) -> 1600 | D13: =SUM(D5:D12) -> 445 | E13: =SUM(E5:E12) -> 1155 | G13: =SUM(G5:G12) -> 288.75

Sheet Deposits
A1: Deposits
A2: Each time you save, add a line. The first rows are examples: delete them.
A4: Date | B4: Goal | C4: Amount
A5: 46270 | B5: Emergency fund | C5: 50
A6: 46284 | B6: Emergency fund | C6: 50
A7: 46298 | B7: Emergency fund | C7: 50
A8: 46277 | B8: New laptop | C8: 100
A9: 46305 | B9: New laptop | C9: 75
A10: 46296 | B10: Trip home | C10: 120
